{"cameraMode":{"drawMode":0,"name":"Shaded","section":"Shading Mode"},"sceneLighting":true,"audioPlay":false,"sceneViewState":{"m_AlwaysRefresh":false,"showFog":true,"showSkybox":true,"showFlares":true,"showImageEffects":true,"showParticleSystems":true,"showVisualEffectGraphs":true,"m_FxEnabled":true},"in2DMode":false,"pivot":{"x":442.4298095703125,"y":424.82598876953127,"z":51.486114501953128},"rotation":{"x":0.01148204505443573,"y":0.3494543135166168,"z":-0.004439709708094597,"w":0.9369556307792664},"size":245.5694580078125,"orthographic":true}