{"cameraMode":{"drawMode":0,"name":"Shaded","section":"Shading Mode"},"sceneLighting":true,"audioPlay":false,"sceneViewState":{"showFog":true,"showMaterialUpdate":false,"showSkybox":true,"showFlares":true,"showImageEffects":true,"showParticleSystems":true},"in2DMode":false,"pivot":{"x":5.11467170715332,"y":1.4905891418457032,"z":-3.797039031982422},"rotation":{"x":0.3081488311290741,"y":-0.03794195130467415,"z":0.012315995059907437,"w":0.9505198001861572},"size":18.41031837463379,"orthographic":true}