{"cameraMode":{"drawMode":0,"name":"Shaded","section":"Shading Mode"},"sceneLighting":true,"audioPlay":false,"sceneViewState":{"showFog":true,"showMaterialUpdate":false,"showSkybox":true,"showFlares":true,"showImageEffects":true,"showParticleSystems":true},"in2DMode":false,"pivot":{"x":2.8827123641967775,"y":6.700197219848633,"z":-6.373661041259766},"rotation":{"x":0.003585723228752613,"y":-0.981610894203186,"z":0.19020436704158784,"w":0.017932502552866937},"size":27.243175506591798,"orthographic":true}