{"cameraMode":{"drawMode":0,"name":"Shaded","section":"Shading Mode"},"sceneLighting":false,"audioPlay":false,"sceneViewState":{"showFog":true,"showMaterialUpdate":false,"showSkybox":false,"showFlares":true,"showImageEffects":true,"showParticleSystems":true},"in2DMode":false,"pivot":{"x":7.940258026123047,"y":-0.7600007057189941,"z":0.055500030517578128},"rotation":{"x":0.12901410460472108,"y":0.6946360468864441,"z":-0.128776416182518,"w":0.695888876914978},"size":10.079314231872559,"orthographic":false}