{"cameraMode":{"drawMode":0,"name":"Shaded","section":"Shading Mode"},"sceneLighting":false,"audioPlay":false,"sceneViewState":{"showFog":true,"showMaterialUpdate":false,"showSkybox":false,"showFlares":true,"showImageEffects":true,"showParticleSystems":true},"in2DMode":false,"pivot":{"x":242.585693359375,"y":20.70663833618164,"z":6.296975612640381},"rotation":{"x":0.009601938538253308,"y":-0.0221396591514349,"z":-0.0002584297035355121,"w":-0.9999157786369324},"size":237.23675537109376,"orthographic":false}