{"cameraMode":{"drawMode":0,"name":"Shaded","section":"Shading Mode"},"sceneLighting":false,"audioPlay":false,"sceneViewState":{"showFog":true,"showMaterialUpdate":false,"showSkybox":false,"showFlares":true,"showImageEffects":true,"showParticleSystems":true},"in2DMode":false,"pivot":{"x":580.5916748046875,"y":171.0767364501953,"z":0.4620000123977661},"rotation":{"x":-0.014674192294478417,"y":-0.9455971121788025,"z":0.038732949644327167,"w":-0.3236093819141388},"size":0.054562605917453769,"orthographic":false}