{"cameraMode":{"drawMode":0,"name":"Shaded","section":"Shading Mode"},"sceneLighting":false,"audioPlay":false,"sceneViewState":{"showFog":true,"showMaterialUpdate":false,"showSkybox":false,"showFlares":true,"showImageEffects":true,"showParticleSystems":true},"in2DMode":false,"pivot":{"x":9.067838668823243,"y":5.208404064178467,"z":1.7745598554611207},"rotation":{"x":0.0359521359205246,"y":-0.7202191352844238,"z":0.03739786148071289,"w":0.6918290257453919},"size":1.5614829063415528,"orthographic":false}