{"cameraMode":{"drawMode":0,"name":"Shaded","section":"Shading Mode"},"sceneLighting":false,"audioPlay":false,"sceneViewState":{"showFog":true,"showMaterialUpdate":false,"showSkybox":false,"showFlares":true,"showImageEffects":true,"showParticleSystems":true},"in2DMode":false,"pivot":{"x":746.9340209960938,"y":318.64447021484377,"z":17.187585830688478},"rotation":{"x":0.061464689671993259,"y":-0.0029937971848994495,"z":0.00024339713854715228,"w":0.9981578588485718},"size":466.34088134765627,"orthographic":true}