{"cameraMode":{"drawMode":0,"name":"Shaded","section":"Shading Mode"},"sceneLighting":false,"audioPlay":false,"sceneViewState":{"showFog":true,"showMaterialUpdate":false,"showSkybox":false,"showFlares":true,"showImageEffects":true,"showParticleSystems":true},"in2DMode":false,"pivot":{"x":9.057676315307618,"y":5.038318157196045,"z":-0.012300282716751099},"rotation":{"x":0.06263046711683274,"y":-0.9036449193954468,"z":-0.14612232148647309,"w":-0.398393839597702},"size":1.2965669631958008,"orthographic":false}