{"cameraMode":{"drawMode":0,"name":"Shaded","section":"Shading Mode"},"sceneLighting":true,"audioPlay":false,"sceneViewState":{"showFog":true,"showMaterialUpdate":false,"showSkybox":true,"showFlares":true,"showImageEffects":true,"showParticleSystems":true},"in2DMode":false,"pivot":{"x":13.450051307678223,"y":1.337256669998169,"z":-4.570411682128906},"rotation":{"x":0.00935025978833437,"y":-0.626723051071167,"z":0.007520998828113079,"w":0.7791510820388794},"size":10.449999809265137,"orthographic":true}