{"cameraMode":{"drawMode":0,"name":"Shaded","section":"Shading Mode"},"sceneLighting":false,"audioPlay":false,"sceneViewState":{"showFog":true,"showMaterialUpdate":false,"showSkybox":false,"showFlares":true,"showImageEffects":true,"showParticleSystems":true},"in2DMode":false,"pivot":{"x":14.637920379638672,"y":-0.9700000286102295,"z":-0.7614682912826538},"rotation":{"x":-0.054866500198841098,"y":0.6823280453681946,"z":-0.051483478397130969,"w":-0.7271661758422852},"size":13.306989669799805,"orthographic":false}