{"cameraMode":{"drawMode":0,"name":"Shaded","section":"Shading Mode"},"sceneLighting":false,"audioPlay":false,"sceneViewState":{"showFog":true,"showMaterialUpdate":false,"showSkybox":false,"showFlares":true,"showImageEffects":true,"showParticleSystems":true},"in2DMode":false,"pivot":{"x":14.347921371459961,"y":-1.1800000667572022,"z":1.6785316467285157},"rotation":{"x":-0.10713817179203034,"y":0.6683007478713989,"z":-0.09814176708459854,"w":-0.7295675277709961},"size":4.370403289794922,"orthographic":false}