{"cameraMode":{"drawMode":0,"name":"Shaded","section":"Shading Mode"},"sceneLighting":false,"audioPlay":false,"sceneViewState":{"showFog":true,"showMaterialUpdate":false,"showSkybox":false,"showFlares":true,"showImageEffects":true,"showParticleSystems":true},"in2DMode":false,"pivot":{"x":8.989362716674805,"y":4.398318290710449,"z":0.00016355514526367188},"rotation":{"x":-0.10713817179203034,"y":0.6683007478713989,"z":-0.09814176708459854,"w":-0.7295675277709961},"size":1.5908758640289307,"orthographic":false}