{"cameraMode":{"drawMode":0,"name":"Shaded","section":"Shading Mode"},"sceneLighting":false,"audioPlay":false,"sceneViewState":{"showFog":true,"showMaterialUpdate":false,"showSkybox":false,"showFlares":true,"showImageEffects":true,"showParticleSystems":true},"in2DMode":false,"pivot":{"x":0.0,"y":0.019506335258483888,"z":4.76837158203125e-7},"rotation":{"x":0.2342085838317871,"y":0.0014560440322384239,"z":-0.0003572206769604236,"w":0.9722134470939636},"size":8.620942115783692,"orthographic":true}