{"cameraMode":{"drawMode":0,"name":"Shaded","section":"Shading Mode"},"sceneLighting":true,"audioPlay":false,"sceneViewState":{"showFog":true,"showMaterialUpdate":false,"showSkybox":true,"showFlares":true,"showImageEffects":true,"showParticleSystems":true},"in2DMode":false,"pivot":{"x":-2.363535165786743,"y":-0.5342032313346863,"z":1.2052538394927979},"rotation":{"x":-0.6823447942733765,"y":0.0004484116507228464,"z":-0.00038496917113661766,"w":-0.7311292290687561},"size":9.794378280639649,"orthographic":true}